Company Name,About,Company Size,Company Funding,Locations,Markets,Job-1 Position,Job-1 Department,Job-1 Description,Job-1 Location,Job-1 Salary,Job-2 Position,Job-2 Department,Job-2 Description,Job-2 Location,Job-2 Salary
netskope,"Netskope is redefining cloud, network, and data security",1001-5000 people,$1.2B,"San Francisco, London, Melbourne","Enterprise Software, Enterprise Security, Data Security, Software, Mobile Security, Cyber Security, Cloud Security",CRM Data Architect,Engineering,"
Serve as the chief data architect for Netskope GTM, driving all aspects of the automation for data operations pipelines, including owning and creating data warehouses, creating ETL, and determining 3P data sources.
Proactively and collaboratively work with Data Specialists on the team to identify and create n...

",Costa Rica ‚Ä¢ San Jose,,Cloud Security Engineer,Engineering,"
Be the primary point of contact for all support and escalations tickets
Be intuitive and inventive by providing solutions and workarounds for customers

",Japan,
justanswer,"Ask, connect, save.  Linking you to real experts to really answer your questions",201-500 people,$50.7M,"San Francisco, Bengaluru","Consumer Internet, Internet, E-Commerce, Professional Services, Q&A, Customer Service, Advice",AI Prompt Engineer,Engineering,"
Use LLMs to process large data swaths, create desired outcomes, and shape bot logic
Use Excel and basic analysis tools to evaluate the efficiency of the LLM prompts

",United States,,Full Stack Developer ( 3-6 Years Exp),Engineering,"Full-Stack Developer(Exp.3+years)

At JustAnswer, we have an excellent global software development team with members in San Francisco, Ukraine, and India.
",Bengaluru,
bazaarvoice,Our mission is to build smarter shopper experiences across the entire customer journey,501-1000 people,$130.5M,"Austin, London, Paris","Social Media, SaaS, E-Commerce, Advertising, Social Commerce, Content, Ecommerce",Senior Growth Product Designer,Designer,"
You have an excellent track record of shipping features for either consumer and/or enterprise SaaS applications.
You‚Äôre able to design flows and experiences that are simple, sharp, and innovative.

",New York,,Senior Product Designer,Designer,"About Bazaarvoice At Bazaarvoice, we create smart shopping experiences. Through our expansive global network, product-passionate community & enterprise technology, we connect thousands of brands and retailers with billions of consumers.
",Bengaluru,
supertokens,SuperTokens (YC S20) is building open source user authentication,11-50 people,$4M,"India, United States","Developer Tools, Web Development, Cloud Infrastructure, Global",Senior Backend Engineer (NodeJs or Java),Engineering,"
Updated CV
Link to your Linkedin profile

",Onsite or remote ‚Ä¢ India ‚Ä¢ Delhi ‚Ä¢ Gurgaon,‚Çπ20L ‚Äì ‚Çπ50L ‚Ä¢ 0.0% ‚Äì 0.1%,Senior Fullstack Engineer,Engineering,"
Updated CV
Linkedin profile

",Onsite or remote ‚Ä¢ United States ‚Ä¢ United Kingdom,$90k ‚Äì $100k ‚Ä¢ 0.0% ‚Äì 1.0%
pilotplans,"Social Trip Planner - Discover, plan, book and relive trips with friends",11-50 people,Private Company,"Canada, India, Vancouver","Online Travel, Artificial Intelligence, Technology, Travel",Front-End Full-Stack Software Engineer,Engineering,"
üö©You‚Äôre overworked and/or underappreciated
üö©You lack faith, trust or closeness to your colleagues or leaders

",Remote only ‚Ä¢ Bangalore Rural ‚Ä¢ Bangalore Urban ‚Ä¢ Bangalore City Municipal Corporation Layout,‚Çπ6L ‚Äì ‚Çπ10L ‚Ä¢ 0.01% ‚Äì 0.05%,Front-End Full-Stack Software Engineer,Engineering,"
üö©You‚Äôre overworked and/or underappreciated
üö©You lack faith, trust or closeness to your colleagues or leaders

",Remote only ‚Ä¢ Delhi,‚Çπ6L ‚Äì ‚Çπ10L ‚Ä¢ 0.01% ‚Äì 0.05%
wareiq,Amazon-like next day delivery for eCommerce companies in India,51-200 people,$1.6M,"Bengaluru, Gurgaon","Supply Chain Management, Logistics, Ecommerce",Backend Engineer,Engineering,"
Write maintainable/ scalable /efficient code.
Focus on scalability, performance, service robustness

",In office ‚Ä¢ Bengaluru,‚Çπ15L ‚Äì ‚Çπ17L,Solutions Engineer,Engineering,"
Investigating, troubleshooting, diagnosing and resolving technical issues in a cloud/SaaS
environment.
Communicating effectively (both verbal and written) with our customers and internal
stakeholders.

",In office ‚Ä¢ Bangalore Urban,‚Çπ6L ‚Äì ‚Çπ8L ‚Ä¢ No equity
nanonets,Automating manual processes using AI,51-200 people,$11.6M,"San Francisco, Bengaluru, Mumbai","SaaS, Enterprise Software, Machine Learning, Deep Learning",Senior Product Designer,Designer,"
Collaborate with product managers and analysts to gather and assess user needs.
Conduct interviews with customers to identify pain points and map out user journeys.

",In office ‚Ä¢ Mumbai ‚Ä¢ Bangalore Urban,‚Çπ30L ‚Äì ‚Çπ50L ‚Ä¢ No equity,Backend Engineer,Engineering,"
Backend experience - Preferably golang
Databases - Understanding of data modeling for SQL preferably MySql/PostgreSQL

",In office ‚Ä¢ India ‚Ä¢ Bengaluru ‚Ä¢ Mumbai,‚Çπ20L ‚Äì ‚Çπ70L ‚Ä¢ 0.0% ‚Äì 0.1%
clearfeedai,Conversational Support Platform for Slack and Teams,11-50 people,$2.5M,Bengaluru,"Enterprise Software, Messaging, Collaboration",Software Development Engineer (Node JS/Nest JS),Engineering,"

Impactful Mission: Join us in solving a significant challenge that affects businesses worldwide.

Experienced Leadership: Collaborate with founders who have a track record of scaling businesses and crafting notable products.

",In office ‚Ä¢ Bangalore Urban,‚Çπ15L ‚Äì ‚Çπ25L ‚Ä¢ 0.05% ‚Äì 0.15%,"Content Writer - Slack, Productivity Tools, and AI",Marketing,"
Bachelor's degree in Computer Science, Engineering, Journalism, Communications, or a related field.
Minimum of 1 year of professional experience as a content writer (or intern), focusing on blog writing.

",Onsite or remote ‚Ä¢ Bengaluru,‚Çπ3L ‚Äì ‚Çπ8.4L ‚Ä¢ No equity
donatekart-1,India's Most Transparent Crowdfunding Platform,11-50 people,$360K,Hyderabad,"Crowd Funding, Social Enterprise",Ads Specialist,Marketing,"About Donatekart: 
Are you someone who cares deeply about making a real difference? Then Donatekart is the right place for you!
",In office ‚Ä¢ Bangalore Urban,‚Çπ6.5L ‚Äì ‚Çπ7.5L,Content Writer,Marketing,"
Conduct interviews with campaigners (changemakers) to understand their work, the impact they are making, and the objectives of their fundraising campaigns.
Research and gather additional information about the cause, including statistics, testimonials, and real-life examples, to enhance the campaign story.

",In office ‚Ä¢ Bengaluru,‚Çπ5L ‚Äì ‚Çπ8L
mediamelon-3,B2B SaaS Data Platform for Video Streaming (OTT) Analytics,11-50 people,$9M,"San Francisco, Bengaluru","Analytics, Internet Infrastructure, Big Data, Video Streaming",Data Scientist,Engineering,"Job description

MediaMelon is looking for a Data Scientist to analyze large amounts of raw information to find patterns that will help improve our company. We will rely on you to build data products to extract valuable business insights.
",Remote ‚Ä¢ India,No equity,DevOps Engineer,Engineering,"Job Title: DevOps Engineer

*Role: Devops ,Cloud Infra / CICD *

Job Requirements:
Min 3-5 years of experience in Devops
3 years- experience in cloud infra - AWS 
2 years - Knowledge of CI-CD pipelines like Jenkins (mandatory)
2 years -  Docker, Kuberenetes
2 years - Deployment of Kafka, Redis, C...
",In office ‚Ä¢ Bengaluru ‚Ä¢ Bangalore Urban,‚Çπ10L ‚Äì ‚Çπ20L
decentro,Automated API platform for banking integrations,51-200 people,$4.7M,"Singapore, Bengaluru","SaaS, Banking, Finance Technology, Fin Tech",Data Engineer (Payments & Lending),Engineering,"
Applying machine learning to understand & identify patterns of borrowers. 
Create chat / social tools to help interact with the borrowers and segment their profiles into various segments based on their behaviour for loan recovery. 

",In office ‚Ä¢ Mumbai ‚Ä¢ Bangalore Urban,‚Çπ10L ‚Äì ‚Çπ14L ‚Ä¢ 0.0% ‚Äì 0.1%,Senior SDE,Engineering,"
Design and development of our new banking API modules from scratch
Hands on implementation of our financial APIs and integrations

",Onsite or remote ‚Ä¢ Bengaluru,‚Çπ16L ‚Äì ‚Çπ35L ‚Ä¢ 0.05% ‚Äì 0.2%
airtribe,Revolutionizing online education with cohort-based courses ,11-50 people,TechnologyContent CreatorsEdtech,"India, Bengaluru","Technology, Content Creators, Edtech",Graphic Design Intern,Designer,"
Send in your application and we'll reach out to you
1st interview round will be a fun introductory conversation around your story and process

",In office ‚Ä¢ India ‚Ä¢ Bengaluru,‚Çπ2.4L ‚Äì ‚Çπ3L ‚Ä¢ No equity,Backend Engineering - Internship,Engineering,"
üë®üèª‚Äçüíª  has good hands-on experience with JavaScript. Our current stack is NodeJS / Fastify / Postgres.
üôãüèª‚Äç‚ôÄÔ∏è  is curious and asks a lot of questions!

",In office ‚Ä¢ Bengaluru,‚Çπ3L ‚Äì ‚Çπ4L ‚Ä¢ No equity
hyperverge,"Tomorrow's AI, Delivered Today!",51-200 people,$1.7M,"Palo Alto, Bengaluru","SaaS, Financial Services, Machine Learning, Artificial Intelligence, Image Recognition, Banking, Finance Technology, Deep Learning, Fin Tech",Manager - Content Marketing,Marketing,"
Within the first month, build a deep understanding of the products, customer segments and internal teams
Define content marketing best practices and processes for HyperVerge to ensure seamless content delivery

",Remote ‚Ä¢ Bengaluru,,Junior Accountant,Operations,"
Bookkeeping and Accounting
Perform day to day accounting transactions like Journal entries, payments, receipt entries, credit memos, refunds, reimbursements and adjustments in Zoho books

",In office ‚Ä¢ Bangalore Urban,‚Çπ3L ‚Äì ‚Çπ6L
carboledger,Carboledger is an enterprises SaaS platform for managing carbon emissions,11-50 people,SaaSEnterprise Software Company,Bangalore Urban,"SaaS, Enterprise Software, Corporate IT",Experienced Website Developer (Contract),Engineering,"
3+ years experience in web development using Next.js and WordPress.
Proficiency in front-end technologies such as Next.js, React, HTML5, CSS3, JavaScript/jQuery, and responsive design principles. 

",Onsite or remote ‚Ä¢ Bangalore Urban,‚Çπ1.5L ‚Äì ‚Çπ2L ‚Ä¢ No equity,Senior Backend Engineer,Engineering,"
Application Development: 
Design, develop, and maintain our core web applications using Node.js, React, and Postgres.
System Architecture: 
Architect scalable and reliable systems that handle high traffic loads.

",In office ‚Ä¢ Bangalore Urban,‚Çπ15L ‚Äì ‚Çπ22L
urbanclap,E-commerce for services,501-1000 people,$203.6M,"Dubai, Singapore, Sydney",Ecommerce,Digital Marketing Analyst,Marketing,"
Working within our Marketing team to develop strategies across all campaigns & channels to maximise ROI and meet demand targets. 
Managing Facebook ads platform, Google ads platform and CRM

",Sydney ‚Ä¢ Redfern,$60k ‚Äì $75k ‚Ä¢ No equity,Category Manager - USA Launch,Operations,"About Urban Company:

Urban Company is one of the largest home services platforms, present across India, UAE, Australia, and Singapore. We help customers book reliable home services ‚Äì beauty treatments, massages, plumbing, carpentry, painting, cleaning etc.
",Austin,$60k ‚Äì $70k
kredx-india,India's Largest Online Bill Discounting Marketplace,51-200 people,$33M,"Bengaluru, Delhi, Mumbai","Financial Services, Wealth Management",Data Integration Engineer (Nifi Developer) (Clone),Engineering,"
Integrate various ERP endpoints and transactional/NoSQL database systems.
Ensure data synchronization is well within accepted SLA and TAT defined.

",In office ‚Ä¢ Bangalore Urban,‚Çπ15L ‚Äì ‚Çπ30L ‚Ä¢ No equity,Senior Backend Developer,Engineering,"Job Description ‚Äì Senior Backend/ Lead Backend Developer

Company- KredX
URL- www.kredx.
",In office ‚Ä¢ Bangalore Urban,‚Çπ25L ‚Äì ‚Çπ40L ‚Ä¢ No equity
moshi-moshi-media,Communication Company ,51-200 people,Marketing ServicesCreative AgencyAdvertising/Media,Bengaluru,"Sales and Marketing, Video Editing, Animation",3d Architecture Visualizer,Designer,"
Proficient in creating photo-realistic renders for architectural visualization projects. This includes working on Modelilling, Texturing, Lighting, Animation, Rendering, and Compositing elements.
Capable of producing both exterior and interior images and 3D walkthrough animations.

",In office ‚Ä¢ Bangalore Urban,‚Çπ6L ‚Äì ‚Çπ8L,Freelancer - Graphic Designer,Designer,"
Designing Social Media Posts for Facebook, Instagram, Google Ads, etc.
Should make 10 posts in a day.

",In office ‚Ä¢ Bengaluru,"‚Çπ20,000 ‚Äì ‚Çπ30,000 ‚Ä¢ No equity"
scaler-academy-by-interviewbit,The first job-driven online tech-versity - improve tech skills and land a dream job,1001-5000 people,$21.5M,Bengaluru,"Education, Technology, Training",Business Development Associate,Sales,"
Market Research and Analysis - Conduct thorough market research to identify potential clients, industry trends, and competitive landscape.
Lead Generation - Generate leads through various channels, including cold calling, networking events, and digital platforms.

",In office ‚Ä¢ Bangalore Urban,"‚Çπ58,000 ‚Äì ‚Çπ90,000",Business Development Associate,Sales,"
Market Research and Analysis - Conduct thorough market research to identify potential clients, industry trends, and competitive landscape.
Lead Generation - Generate leads through various channels, including cold calling, networking events, and digital platforms.

",In office ‚Ä¢ Bangalore Urban,"‚Çπ58,000 ‚Äì ‚Çπ62,000"
hopstack,Digital Fulfillment Operating System for Brands and 3PLs,11-50 people,$2.9M,"Austin, Bengaluru","Enterprise Software, Supply Chain Management, Logistics, Internet of Things",Frontend Engineer (SDE-2),Engineering,"
Web application in Javascript (Front-end in React and Back-end in Node)
ML models in Python.

",In office ‚Ä¢ Bengaluru,‚Çπ14L ‚Äì ‚Çπ20L ‚Ä¢ 0.01% ‚Äì 0.03%,Senior Software Engineer (SDE-II),Engineering,"
Web application in Javascript (Front-end in React and Back-end in Node)
ML models in Python.

",In office ‚Ä¢ Bangalore Urban,‚Çπ15L ‚Äì ‚Çπ21L ‚Ä¢ 0.02% ‚Äì 0.05%
tooljet,Open-source low-code platform to build and deploy custom internal applications,11-50 people,$6.2M,"San Francisco, Bengaluru","SaaS, Enterprise Software, B2B, Open Source",Product Designer,Designer,"
Create intuitive user experiences for the ToolJet app and website. Also contribute in designing various design assets needed for the company.
Take ownership of the project you are handling, estimating project delivery schedules and define processes for each task. With problem understanding and research, you will then ideate solutions for improving product designs and build prototypes for the project.

",Onsite or remote ‚Ä¢ Bangalore Urban,‚Çπ6L ‚Äì ‚Çπ9L ‚Ä¢ No equity,Developer Advocate,Engineering,"
Create clear and concise technical documentation.
Actively engage with the developer community through online forums, social media, and events, addressing questions, sharing insights, and facilitating discussions.

",Onsite or remote ‚Ä¢ Bangalore Urban,‚Çπ10L ‚Äì ‚Çπ15L ‚Ä¢ No equity
mdepot,Creating India's largest AnD platform - Helping Architects & Designers source materials,11-50 people,Startup,"India, Bengaluru","Mobile, Hardware, Real Estate, B2B, Advanced Materials, Construction, Technology, Commercial Real Estate, Building Products",Graphic Designer,Designer,"
Create and design various materials for print and digital collateral
Ensure projects are completed with high quality and on schedule

",In office ‚Ä¢ Bengaluru ‚Ä¢ Bangalore Urban,‚Çπ2L ‚Äì ‚Çπ2.5L,Marketing Manager,Marketing,"
Own, manage marketing campaigns across digital and offline channels
Define strategic roadmaps and deploy digital solutions across paid channels

",In office ‚Ä¢ Bangalore Urban ‚Ä¢ HSR Layout ‚Ä¢ JP Nagar,‚Çπ6L ‚Äì ‚Çπ8L ‚Ä¢ No equity
zenduty,"Incident Management System for SRE, DevOps, ITOps and Support teams",11-50 people,$2.1M,"San Francisco, Bengaluru","SaaS, Cloud Computing, Cloud Management, Developer Tools, Cloud Data Services, Cloud Infrastructure, IT Management, Operations ",Machine Learning Engineer,Engineering,"
We centralize all of the alerts and notifications, so you never miss a thing.
We route alerts to the right people at the right time, so you can respond quickly and effectively.

",In office ‚Ä¢ Bengaluru,‚Çπ15L ‚Äì ‚Çπ30L ‚Ä¢ No equity,Senior Software Engineer(Python/Django),Engineering,"
We centralize all of the alerts and notifications, so you never miss a thing.
We route alerts to the right people at the right time, so you can respond quickly and effectively.

",In office ‚Ä¢ Bengaluru,‚Çπ15L ‚Äì ‚Çπ25L ‚Ä¢ 0.0% ‚Äì 0.5%
passionbits-1,A creator-first platform which provides social capital & growth infra to remote creators ,11-50 people,Sales and MarketingMarketplacesContent,Bengaluru,"Sales and Marketing, Marketplaces, Content",Product Design Intern,Designer,"
Designing an experience that curious minds and brands will happily pay for
Designing a sustainable model for writers, thinkers, and storytellers to share their work, and an experience that keeps them engaged

",Onsite or remote ‚Ä¢ Bengaluru,‚Çπ2L ‚Äì ‚Çπ3L ‚Ä¢ No equity,Product Designer,Designer,"
Designing an experience that curious minds and brands will happily pay for
Designing a sustainable model for creators, thinkers, and storytellers to share their work, and an experience that keeps them professionally engaged

",In office ‚Ä¢ Bengaluru,‚Çπ4L ‚Äì ‚Çπ7L ‚Ä¢ No equity
